submission_id,benchmark_id,benchmark_name,direction,baseline_score,solver_account_id,solver_username,status,claimed_score,official_score,improved,promotion_status,promotion_started_at,promotion_finished_at,submission_created_at,promoted_source_ref,submission_commit_sha
a973141b-97b5-46d9-b70c-4c5db94c32c4,c6931fd9-f783-4e1f-84df-c7ffe49c3426,eigenlabs/lighter-prover-challenge,+,3.18419941491498,4923e5c3-d096-4a40-896e-d7e5e66ca4b0,saucegodbased,accepted,,3.36381608915175,true,promoted,2026-08-05T16:47:06.252000Z,2026-08-05T16:47:09.222000Z,2026-08-05T16:28:45.787411Z,46cfe262ee0dbe43b40f36f6d941df1586aaeba5,46cfe262ee0dbe43b40f36f6d941df1586aaeba5
c3de0887-fada-4f6f-b246-4e6d46553697,c6931fd9-f783-4e1f-84df-c7ffe49c3426,eigenlabs/lighter-prover-challenge,+,3.18419941491498,0cda8e92-e434-4d70-96ca-7ffbaa1a8645,Gajesh2007,accepted,,4.23138839591129,true,promoted,2026-08-05T18:46:27.342000Z,2026-08-05T18:46:30.176000Z,2026-08-05T17:49:24.402804Z,20db855ee6d25ae72163d999b9ddcff2bf386a40,20db855ee6d25ae72163d999b9ddcff2bf386a40
3c1f4e06-27fa-4401-a612-8aa59276e6cc,c6931fd9-f783-4e1f-84df-c7ffe49c3426,eigenlabs/lighter-prover-challenge,+,3.18419941491498,0cda8e92-e434-4d70-96ca-7ffbaa1a8645,Gajesh2007,accepted,,4.3591812654927,true,promoted,2026-08-05T19:47:49.488000Z,2026-08-05T19:47:53.308000Z,2026-08-05T19:25:43.884369Z,0e37ce24bed46bc54e08a38dfb2f27caa3b64ac7,0e37ce24bed46bc54e08a38dfb2f27caa3b64ac7
e4f9b531-15dc-4ad1-9fb4-6816ccdaa7ce,c6931fd9-f783-4e1f-84df-c7ffe49c3426,eigenlabs/lighter-prover-challenge,+,3.18419941491498,2f853bfa-744a-4ae4-8e68-814cce8c172d,JH-321,accepted,,4.49476968945285,true,promoted,2026-08-05T19:55:55.944000Z,2026-08-05T19:56:01.121000Z,2026-08-05T19:37:44.692702Z,9dd72353c72158bbfaf24a055d1657f5db105f4b,e97f4318598c19f6e14815fa25dba6c8429cebaa
5fcff881-94ad-42ab-9bdf-e3364a4be93a,c6931fd9-f783-4e1f-84df-c7ffe49c3426,eigenlabs/lighter-prover-challenge,+,3.18419941491498,4923e5c3-d096-4a40-896e-d7e5e66ca4b0,saucegodbased,accepted,,4.90423844127153,true,promoted,2026-08-05T20:07:59.577000Z,2026-08-05T20:08:05.203000Z,2026-08-05T19:46:39.594306Z,fe6c950b48dc86a086e0d5e922285dee4f624ec0,521cca28ce9034f6465305935efd466a9dd33fea
25e057c0-b67e-4a9a-9110-938acef72643,c6931fd9-f783-4e1f-84df-c7ffe49c3426,eigenlabs/lighter-prover-challenge,+,3.18419941491498,9d9a5d4d-2e00-45d0-b79b-f5f33af5d4d9,zeeshan8281,accepted,,5.48207681408082,true,promoted,2026-08-05T20:22:34.262000Z,2026-08-05T20:22:39.523000Z,2026-08-05T20:06:45.305405Z,4557cb79f131d62fccac7650af6b3c953477a3c9,4b937f4bc6fff602cac96c48fdbb27767de2289e
d63d5570-496d-4e12-901e-a9aa0bafa8ac,c6931fd9-f783-4e1f-84df-c7ffe49c3426,eigenlabs/lighter-prover-challenge,+,3.18419941491498,d9bb60bf-6d08-4b1a-93f0-b5ea1f9b4caf,jungjipdo,accepted,,5.52989653354779,true,promoted,2026-08-05T20:42:26.555000Z,2026-08-05T20:42:30.807000Z,2026-08-05T20:32:19.111352Z,06efe2ac47f551a4af51d60b3f4707b0aec172cc,06efe2ac47f551a4af51d60b3f4707b0aec172cc
1ccb2295-a7ec-457d-b430-a976c2afc420,c6931fd9-f783-4e1f-84df-c7ffe49c3426,eigenlabs/lighter-prover-challenge,+,3.18419941491498,2f853bfa-744a-4ae4-8e68-814cce8c172d,JH-321,accepted,,5.53290558194781,true,promoted,2026-08-05T20:54:33.012000Z,2026-08-05T20:54:36.702000Z,2026-08-05T20:43:51.585568Z,992e29984ede5d58b2fda84bb3a78e55ee60e0d9,992e29984ede5d58b2fda84bb3a78e55ee60e0d9
477f40ca-b54a-4eac-96ad-6a0328e2d335,c6931fd9-f783-4e1f-84df-c7ffe49c3426,eigenlabs/lighter-prover-challenge,+,3.18419941491498,8b3f4dcf-92ea-471b-b48b-0d1a1523a3af,tomhschmidt,accepted,,5.66923118079538,true,promoted,2026-08-05T20:57:55.480000Z,2026-08-05T20:58:03.031000Z,2026-08-05T20:47:46.029416Z,a78255d24bc6f2460e72e7a4c67c161343488d81,32b6d2c1abbc9c85c64edcbc05681d848a97570b
19782339-a9dc-4bb1-880c-1203d18faf94,c6931fd9-f783-4e1f-84df-c7ffe49c3426,eigenlabs/lighter-prover-challenge,+,3.18419941491498,2f853bfa-744a-4ae4-8e68-814cce8c172d,JH-321,accepted,,5.82627008443502,true,promoted,2026-08-05T21:05:46.615000Z,2026-08-05T21:05:52.323000Z,2026-08-05T20:56:10.202410Z,d88fa00439b07287dd662a66c2014e4e5c833f8d,26f3cbd135c07ac8e113c73896eb4974db9d95f9
41889629-f1b0-48a6-b195-3d51d4e3d025,c6931fd9-f783-4e1f-84df-c7ffe49c3426,eigenlabs/lighter-prover-challenge,+,3.18419941491498,0cda8e92-e434-4d70-96ca-7ffbaa1a8645,Gajesh2007,accepted,,5.92928360339895,true,promoted,2026-08-05T21:07:18.589000Z,2026-08-05T21:07:24.759000Z,2026-08-05T20:57:34.140963Z,c2c365987654ed673a7bbb40ac8e2315ca140cd1,28a5919ba0522c215e423384af100baa0790f931
ce544f1b-6123-49f7-b568-c873fdece043,c6931fd9-f783-4e1f-84df-c7ffe49c3426,eigenlabs/lighter-prover-challenge,+,3.18419941491498,0cda8e92-e434-4d70-96ca-7ffbaa1a8645,Gajesh2007,accepted,,6.10888746824515,true,promoted,2026-08-05T21:18:05.371000Z,2026-08-05T21:18:08.598000Z,2026-08-05T21:08:41.907973Z,d65c76b2d04defd56a60a9dd5b0bc43f35653565,d65c76b2d04defd56a60a9dd5b0bc43f35653565
287a02cd-4524-4127-8bbd-fe4315b6a6fd,c6931fd9-f783-4e1f-84df-c7ffe49c3426,eigenlabs/lighter-prover-challenge,+,3.18419941491498,0cda8e92-e434-4d70-96ca-7ffbaa1a8645,Gajesh2007,accepted,,6.15403564891186,true,promoted,2026-08-05T21:28:47.643000Z,2026-08-05T21:28:53.334000Z,2026-08-05T21:19:25.071831Z,f02198b4b7de83f4ccdf80753536dd9650e986f3,f02198b4b7de83f4ccdf80753536dd9650e986f3
59f7c2e7-c282-45cc-8f37-a638e5886a7b,c6931fd9-f783-4e1f-84df-c7ffe49c3426,eigenlabs/lighter-prover-challenge,+,3.18419941491498,0cda8e92-e434-4d70-96ca-7ffbaa1a8645,Gajesh2007,accepted,,7.15081963926434,true,promoted,2026-08-05T21:39:55.039000Z,2026-08-05T21:39:58.419000Z,2026-08-05T21:31:22.973437Z,2bdc67b523057b862b163724912efab2f921b19d,2bdc67b523057b862b163724912efab2f921b19d
6654d435-436a-44bd-9211-695640868115,c6931fd9-f783-4e1f-84df-c7ffe49c3426,eigenlabs/lighter-prover-challenge,+,3.18419941491498,0cda8e92-e434-4d70-96ca-7ffbaa1a8645,Gajesh2007,accepted,,8.00113859720179,true,promoted,2026-08-05T23:44:21.648000Z,2026-08-05T23:44:24.234000Z,2026-08-05T23:32:50.606626Z,e892b92c69e557888a0326be5f54a32743029d5a,e892b92c69e557888a0326be5f54a32743029d5a
48452c58-4ca7-4386-9f51-75fe7f389d5a,c6931fd9-f783-4e1f-84df-c7ffe49c3426,eigenlabs/lighter-prover-challenge,+,3.18419941491498,3fe96774-9dad-4ac1-903d-873eaba72049,i34-9,accepted,,8.64144878786432,true,promoted,2026-08-06T01:10:06.313000Z,2026-08-06T01:10:09.401000Z,2026-08-06T01:00:32.145198Z,4842f236db51097937764bc8844d308cd0daa647,4842f236db51097937764bc8844d308cd0daa647
57959036-4ea9-4b68-8339-ec3004398081,c6931fd9-f783-4e1f-84df-c7ffe49c3426,eigenlabs/lighter-prover-challenge,+,3.18419941491498,02a87ff5-f7ff-4e7c-bd9e-9e1056bd18c2,ryanp7272,accepted,,9.01020785771853,true,promoted,2026-08-06T01:38:58.552000Z,2026-08-06T01:39:01.596000Z,2026-08-06T01:30:35.349031Z,425e39eb11de6b3bc30693793e0300cd7f09b25d,425e39eb11de6b3bc30693793e0300cd7f09b25d
536027b6-c732-40d0-aef9-253da642d3b5,c6931fd9-f783-4e1f-84df-c7ffe49c3426,eigenlabs/lighter-prover-challenge,+,3.18419941491498,9d9a5d4d-2e00-45d0-b79b-f5f33af5d4d9,zeeshan8281,accepted,,9.06428455959896,true,promoted,2026-08-06T01:44:37.222000Z,2026-08-06T01:44:42.274000Z,2026-08-06T01:37:08.319311Z,3206d605cb1f5598cd0d01da2eef2b247d6a98f4,687043a39e895f61534f457bdc86a1f18de0e226
90f4eac3-28c4-4f6b-941a-a0c6bb6ddc1c,c6931fd9-f783-4e1f-84df-c7ffe49c3426,eigenlabs/lighter-prover-challenge,+,3.18419941491498,9d9a5d4d-2e00-45d0-b79b-f5f33af5d4d9,zeeshan8281,accepted,,9.28535620565674,true,promoted,2026-08-06T01:53:49.387000Z,2026-08-06T01:53:52.381000Z,2026-08-06T01:45:35.926634Z,4fc868da9bd9f4dc4c6cb0bced7da91963fc234e,4fc868da9bd9f4dc4c6cb0bced7da91963fc234e
d7152ebc-ce7a-47dc-88fd-a2bc17c368f6,c6931fd9-f783-4e1f-84df-c7ffe49c3426,eigenlabs/lighter-prover-challenge,+,3.18419941491498,0cda8e92-e434-4d70-96ca-7ffbaa1a8645,Gajesh2007,accepted,,9.31350581700851,true,promoted,2026-08-06T02:20:31.125000Z,2026-08-06T02:20:34.558000Z,2026-08-06T02:13:21.441304Z,499dea0bbd6d349066d5f32fb76b6c02161998e2,499dea0bbd6d349066d5f32fb76b6c02161998e2
ce8e5f9e-5a93-4d1b-83d3-4de55d91e9fd,c6931fd9-f783-4e1f-84df-c7ffe49c3426,eigenlabs/lighter-prover-challenge,+,3.18419941491498,28672c4f-4581-457e-8a42-47cedca958ec,iamgoatedaf,accepted,,9.57404244554992,true,promoted,2026-08-06T02:55:33.812000Z,2026-08-06T02:55:36.892000Z,2026-08-06T02:44:43.174614Z,a0eff968f0045fa7ec6d2000dbe10b5a15f3d791,a0eff968f0045fa7ec6d2000dbe10b5a15f3d791
ecf7317f-b4c2-483d-a75b-ae69c1bde17b,c6931fd9-f783-4e1f-84df-c7ffe49c3426,eigenlabs/lighter-prover-challenge,+,3.18419941491498,0cda8e92-e434-4d70-96ca-7ffbaa1a8645,Gajesh2007,accepted,,9.66596649880973,true,promoted,2026-08-06T03:48:41.087000Z,2026-08-06T03:48:44.022000Z,2026-08-06T03:41:43.904118Z,243d780f512995ef75ba1d1ef3ca019387c60e9c,243d780f512995ef75ba1d1ef3ca019387c60e9c
eeaf3e69-3fd1-4043-b957-b18f6986e290,c6931fd9-f783-4e1f-84df-c7ffe49c3426,eigenlabs/lighter-prover-challenge,+,3.18419941491498,4923e5c3-d096-4a40-896e-d7e5e66ca4b0,saucegodbased,accepted,,9.78353123795844,true,promoted,2026-08-06T04:35:13.663000Z,2026-08-06T04:35:16.991000Z,2026-08-06T04:27:28.644287Z,a921708cb7ed8218ade4ac32e8d7957ba696e247,a921708cb7ed8218ade4ac32e8d7957ba696e247
c34ffbaa-d24a-4cf3-8383-419da0a19a7f,c6931fd9-f783-4e1f-84df-c7ffe49c3426,eigenlabs/lighter-prover-challenge,+,3.18419941491498,84fd7ce8-5a47-4fd8-a9e1-c1c17abc76ba,Ham3798,accepted,,9.89840104316543,true,promoted,2026-08-06T05:07:48.836000Z,2026-08-06T05:07:52.171000Z,2026-08-06T05:00:49.045830Z,8d6fc88d680f4c2522aa6542717c1108db941323,8d6fc88d680f4c2522aa6542717c1108db941323
eab372dc-bccf-49bb-8db7-427f246b5607,c6931fd9-f783-4e1f-84df-c7ffe49c3426,eigenlabs/lighter-prover-challenge,+,3.18419941491498,05a390cd-5f22-4f89-87e1-5ffe1f98a6b1,hybridnoise,accepted,,9.97460390533453,true,promoted,2026-08-06T07:03:10.777000Z,2026-08-06T07:03:13.737000Z,2026-08-06T06:56:07.431467Z,0ebbc32cd11946489da7f439f3ec9a5216f576cb,0ebbc32cd11946489da7f439f3ec9a5216f576cb
9ec6ac43-8d4c-470e-865b-7a04468b8c78,c6931fd9-f783-4e1f-84df-c7ffe49c3426,eigenlabs/lighter-prover-challenge,+,3.18419941491498,415fa9a3-5980-41d7-a25b-6d386cb7703f,yagggi,accepted,,10.0094266444738,true,promoted,2026-08-06T08:13:34.502000Z,2026-08-06T08:13:38.176000Z,2026-08-06T08:05:17.204712Z,421c27ae85f37ce9dc67ed5f719177f9dffe691c,421c27ae85f37ce9dc67ed5f719177f9dffe691c
fac686ab-dee6-41c3-b545-852aecf71ac8,c6931fd9-f783-4e1f-84df-c7ffe49c3426,eigenlabs/lighter-prover-challenge,+,3.18419941491498,84fd7ce8-5a47-4fd8-a9e1-c1c17abc76ba,Ham3798,accepted,,10.060755114392,true,promoted,2026-08-06T08:36:50.512000Z,2026-08-06T08:36:56.128000Z,2026-08-06T08:25:45.378345Z,4604402022a84cd99003c63b17f8ab7e88853d29,4604402022a84cd99003c63b17f8ab7e88853d29
6cddf15c-0639-4a19-b54d-1d1501416600,c6931fd9-f783-4e1f-84df-c7ffe49c3426,eigenlabs/lighter-prover-challenge,+,3.18419941491498,d9bb60bf-6d08-4b1a-93f0-b5ea1f9b4caf,jungjipdo,accepted,,10.1441534778209,true,promoted,2026-08-06T09:47:33.305000Z,2026-08-06T09:47:37.708000Z,2026-08-06T09:37:10.616001Z,0b6ecd5aca1ba82cdaa437a46848cedaf3884bb0,0b6ecd5aca1ba82cdaa437a46848cedaf3884bb0
b78ec327-63e5-40e4-9b82-cffdacd27aca,c6931fd9-f783-4e1f-84df-c7ffe49c3426,eigenlabs/lighter-prover-challenge,+,3.18419941491498,8b3f4dcf-92ea-471b-b48b-0d1a1523a3af,tomhschmidt,accepted,,10.1505332265733,true,promoted,2026-08-06T10:52:26.378000Z,2026-08-06T10:52:28.840000Z,2026-08-06T10:45:34.248311Z,f2aff81a348bfa45b1019c0a18c05dd95d1046ee,f2aff81a348bfa45b1019c0a18c05dd95d1046ee
d1fa2bf0-e704-43cd-8964-0e3527b1d5c2,c6931fd9-f783-4e1f-84df-c7ffe49c3426,eigenlabs/lighter-prover-challenge,+,3.18419941491498,3bdd67ad-266b-4c87-909b-1e105983f4f3,Frodan,accepted,,10.225657782762,true,promoted,2026-08-06T11:09:08.890000Z,2026-08-06T11:09:15.292000Z,2026-08-06T11:01:53.544947Z,56bbe173980455391c9972cad2ed08107925420f,56bbe173980455391c9972cad2ed08107925420f
121eee8f-50d3-470a-abc2-42592cec6380,c6931fd9-f783-4e1f-84df-c7ffe49c3426,eigenlabs/lighter-prover-challenge,+,3.18419941491498,7c307560-3c78-446f-811b-c30ad157ab81,ercumentyildirim,accepted,,10.3657739683979,true,promoted,2026-08-06T11:53:51.086000Z,2026-08-06T11:53:54.797000Z,2026-08-06T11:44:16.546514Z,61ce1c04afa4187dbdbcd7b4725b8f11170a5f99,61ce1c04afa4187dbdbcd7b4725b8f11170a5f99
989e86be-ebd1-4b80-bb11-a61ab226de72,c6931fd9-f783-4e1f-84df-c7ffe49c3426,eigenlabs/lighter-prover-challenge,+,3.18419941491498,3fe96774-9dad-4ac1-903d-873eaba72049,i34-9,accepted,,10.5141587546772,true,promoted,2026-08-06T12:14:18.392000Z,2026-08-06T12:14:21.822000Z,2026-08-06T12:07:23.283323Z,7289a825d4e0b3066ae84bbf07bec66558165bc5,7289a825d4e0b3066ae84bbf07bec66558165bc5
ea4a1775-ccaa-422f-bcc5-0833baaf0a5c,c6931fd9-f783-4e1f-84df-c7ffe49c3426,eigenlabs/lighter-prover-challenge,+,3.18419941491498,aa66aa75-26d2-499e-800e-a012e265f4d4,RealAdii,accepted,,10.5312594656124,true,promoted,2026-08-06T13:55:19.245000Z,2026-08-06T13:55:22.709000Z,2026-08-06T13:41:46.253675Z,9bc420bb4a9111606b7739b56603dd4d9902660e,9bc420bb4a9111606b7739b56603dd4d9902660e
46bd02a4-81e9-4a17-8759-f534d02a1502,c6931fd9-f783-4e1f-84df-c7ffe49c3426,eigenlabs/lighter-prover-challenge,+,3.18419941491498,722d622a-8523-4b18-bae0-4236cb53432c,tony-crypt0,accepted,,10.7104197538033,true,promoted,2026-08-06T14:23:29.175000Z,2026-08-06T14:23:32.178000Z,2026-08-06T14:16:33.064583Z,e59c0d2d34183071b01114e39384f8b6607a34cb,e59c0d2d34183071b01114e39384f8b6607a34cb
948929b6-0982-4516-bd6a-0a3435ab541e,c6931fd9-f783-4e1f-84df-c7ffe49c3426,eigenlabs/lighter-prover-challenge,+,3.18419941491498,3fe96774-9dad-4ac1-903d-873eaba72049,i34-9,accepted,,10.7257581632954,true,promoted,2026-08-06T23:58:10.645000Z,2026-08-06T23:58:13.452000Z,2026-08-06T22:01:00.381339Z,4aa3065aac789327112fb770a31a51731a87f2e4,4aa3065aac789327112fb770a31a51731a87f2e4
9b3e1234-6b15-4329-a5a7-c42693a392a9,c6931fd9-f783-4e1f-84df-c7ffe49c3426,eigenlabs/lighter-prover-challenge,+,3.18419941491498,670c436c-5671-4894-8d48-32f680aa5e0a,Akashneelesh,accepted,,10.7880907205032,true,promoted,2026-08-07T00:18:32.840000Z,2026-08-07T00:18:42.821000Z,2026-08-06T21:59:15.760728Z,9293fe2799207931c1981d6938b7837687c4df02,439a7117dfe204c7daa997fb2993e83448e49b31
cd8803d6-1507-4ada-86e0-c2a116eb4e50,c6931fd9-f783-4e1f-84df-c7ffe49c3426,eigenlabs/lighter-prover-challenge,+,3.18419941491498,9a3e4900-6e64-498e-98b9-237f320147c0,bosinupebi,accepted,,10.8378333078902,true,promoted,2026-08-07T00:46:59.914000Z,2026-08-07T00:47:02.950000Z,2026-08-07T00:29:04.633021Z,55b22ec0ada7f8b673484dc62b46005cbb55ac51,55b22ec0ada7f8b673484dc62b46005cbb55ac51
30a0dc72-84be-42d5-817e-99e20fc0ccc8,c6931fd9-f783-4e1f-84df-c7ffe49c3426,eigenlabs/lighter-prover-challenge,+,3.18419941491498,3fe96774-9dad-4ac1-903d-873eaba72049,i34-9,accepted,,10.8878012765558,true,promoted,2026-08-07T01:59:20.561000Z,2026-08-07T01:59:24.189000Z,2026-08-07T01:39:34.428500Z,69a3bc700e36abd5efb9bb4906482edf8561f7a2,69a3bc700e36abd5efb9bb4906482edf8561f7a2
e816c5c2-1896-4778-a4ef-dedc12b00771,c6931fd9-f783-4e1f-84df-c7ffe49c3426,eigenlabs/lighter-prover-challenge,+,3.18419941491498,4b269112-1bb3-4d9f-8d09-b83f2032ed3c,humanoidrobot-glitch,accepted,,10.9040885752846,true,promoted,2026-08-07T02:13:57.095000Z,2026-08-07T02:14:05.525000Z,2026-08-07T01:49:20.645616Z,d714e59d3b53414a6ffdfb83dc8d8898d8879d4d,071a631fee32d626a0d918f29d5514a8c6b1cc5f
96370ad8-0f7e-40b9-bbba-1901f524d2b0,c6931fd9-f783-4e1f-84df-c7ffe49c3426,eigenlabs/lighter-prover-challenge,+,3.18419941491498,aa66aa75-26d2-499e-800e-a012e265f4d4,RealAdii,accepted,,10.9446438783345,true,promoted,2026-08-07T02:47:05.858000Z,2026-08-07T02:47:08.825000Z,2026-08-07T02:32:56.883323Z,42512f985fbe230f045ea123a30abe5cddf7fc1e,42512f985fbe230f045ea123a30abe5cddf7fc1e
8091f613-e3e4-4236-a271-c1d9e89fb38c,c6931fd9-f783-4e1f-84df-c7ffe49c3426,eigenlabs/lighter-prover-challenge,+,3.18419941491498,d9bb60bf-6d08-4b1a-93f0-b5ea1f9b4caf,jungjipdo,accepted,,10.97032258234,true,promoted,2026-08-07T02:59:07.173000Z,2026-08-07T02:59:16.283000Z,2026-08-07T02:40:14.913828Z,f99b61ed96233e80f3eebc50dd61b2f8463e1cc3,368399c59c6fb5bdf91484840b8946a84769af81
d2328428-68a4-42ac-8b3b-4876750b1af8,c6931fd9-f783-4e1f-84df-c7ffe49c3426,eigenlabs/lighter-prover-challenge,+,3.18419941491498,3fe96774-9dad-4ac1-903d-873eaba72049,i34-9,accepted,,11.0062850974483,true,promoted,2026-08-07T03:00:04.675000Z,2026-08-07T03:00:12.856000Z,2026-08-07T02:37:51.672719Z,8ce788b4af7e12e3a0a84bcdf104c33ba97093b2,6c4a1bb606dbbd772a960c4bf751c77f4a83aad2
a26ac64a-7200-4c07-9f58-a50b68633b25,c6931fd9-f783-4e1f-84df-c7ffe49c3426,eigenlabs/lighter-prover-challenge,+,3.18419941491498,02a87ff5-f7ff-4e7c-bd9e-9e1056bd18c2,ryanp7272,accepted,,11.0198220623506,true,promoted,2026-08-07T04:19:39.160000Z,2026-08-07T04:19:42.510000Z,2026-08-07T03:50:55.229238Z,296e2fccbf70c8939b3227e6f266ac8d0b4daa72,296e2fccbf70c8939b3227e6f266ac8d0b4daa72
416c535f-5813-437d-abbf-690502f73d0a,c6931fd9-f783-4e1f-84df-c7ffe49c3426,eigenlabs/lighter-prover-challenge,+,3.18419941491498,415fa9a3-5980-41d7-a25b-6d386cb7703f,yagggi,accepted,,11.0369160804975,true,promoted,2026-08-07T04:37:18.875000Z,2026-08-07T04:37:21.936000Z,2026-08-07T04:27:39.625652Z,a1ebeb67de07219e27515b66cad0c8890727d071,a1ebeb67de07219e27515b66cad0c8890727d071
e725a0b6-689d-4cdd-b7c2-190b2cd75c86,c6931fd9-f783-4e1f-84df-c7ffe49c3426,eigenlabs/lighter-prover-challenge,+,3.18419941491498,3fe96774-9dad-4ac1-903d-873eaba72049,i34-9,accepted,,11.0625949394807,true,promoted,2026-08-07T05:24:16.954000Z,2026-08-07T05:24:19.525000Z,2026-08-07T04:55:46.777755Z,3613b30ae215152db02de0d0b28ac48fa69e75e3,3613b30ae215152db02de0d0b28ac48fa69e75e3
c5f54bad-ea65-430e-868e-d1d5b8653b25,c6931fd9-f783-4e1f-84df-c7ffe49c3426,eigenlabs/lighter-prover-challenge,+,3.18419941491498,4b269112-1bb3-4d9f-8d09-b83f2032ed3c,humanoidrobot-glitch,accepted,,11.1075656810505,true,promoted,2026-08-07T05:40:26.607000Z,2026-08-07T05:40:34.547000Z,2026-08-07T05:03:43.985425Z,2861f104d36428c185afdc38c7a5fc3665fbc960,f5797ca0f57e9997591f877eb07eb1ebe193a800
f294e29e-2cc9-4655-bc06-9ecc55c84b3f,c6931fd9-f783-4e1f-84df-c7ffe49c3426,eigenlabs/lighter-prover-challenge,+,3.18419941491498,4b269112-1bb3-4d9f-8d09-b83f2032ed3c,humanoidrobot-glitch,accepted,,11.2064129872752,true,promoted,2026-08-07T05:59:42.802000Z,2026-08-07T05:59:45.541000Z,2026-08-07T05:46:13.686665Z,2f560cc4cf4c0393fd206133676b50ea65be425c,2f560cc4cf4c0393fd206133676b50ea65be425c
e0325d77-b995-4b82-811e-a6cb53310d96,c6931fd9-f783-4e1f-84df-c7ffe49c3426,eigenlabs/lighter-prover-challenge,+,3.18419941491498,df7c2480-050e-44ad-860a-b38728ed0513,RajeshRk18,accepted,,11.2633320653993,true,promoted,2026-08-07T06:22:18.148000Z,2026-08-07T06:22:21.252000Z,2026-08-07T06:06:44.790865Z,08de13e429da52df77ba5d02bc604f9f911917d7,08de13e429da52df77ba5d02bc604f9f911917d7
2cefd756-8fc7-4922-862c-fc61fe69bd72,c6931fd9-f783-4e1f-84df-c7ffe49c3426,eigenlabs/lighter-prover-challenge,+,3.18419941491498,df7c2480-050e-44ad-860a-b38728ed0513,RajeshRk18,accepted,,11.3206649270717,true,promoted,2026-08-07T06:33:02.497000Z,2026-08-07T06:33:06.149000Z,2026-08-07T06:24:15.147833Z,22910b95914b34503c1736ce9426e0f067e136c0,22910b95914b34503c1736ce9426e0f067e136c0
89b9be38-7979-4c00-b0c5-dbd1de081dca,c6931fd9-f783-4e1f-84df-c7ffe49c3426,eigenlabs/lighter-prover-challenge,+,3.18419941491498,c98f0e02-d75e-47f4-99e3-5d657c0b60d2,Meganpark980320,accepted,,11.6801460837194,true,promoted,2026-08-07T07:12:44.722000Z,2026-08-07T07:12:48.782000Z,2026-08-07T06:58:13.323121Z,f3fc9e05947b6e84a6a3e6d6341dd49b2660a4aa,f3fc9e05947b6e84a6a3e6d6341dd49b2660a4aa
162353fb-0917-41cf-aa4a-a6da6565a5eb,c6931fd9-f783-4e1f-84df-c7ffe49c3426,eigenlabs/lighter-prover-challenge,+,3.18419941491498,d9bb60bf-6d08-4b1a-93f0-b5ea1f9b4caf,jungjipdo,accepted,,11.7941443812576,true,promoted,2026-08-07T07:31:40.134000Z,2026-08-07T07:31:44.870000Z,2026-08-07T07:19:59.705810Z,d801a926526536deb4b131a7faa029c34726413a,
f1ce33c5-4e52-45a4-b617-98dab63523e8,c6931fd9-f783-4e1f-84df-c7ffe49c3426,eigenlabs/lighter-prover-challenge,+,3.18419941491498,a1e763f9-6c6c-4b48-a236-9da78612233e,mega-dmitriy,accepted,,11.9980509357648,true,promoted,2026-08-07T07:48:35.884000Z,2026-08-07T07:48:38.883000Z,2026-08-07T07:38:11.738950Z,b5a0d2f913a63926e2bc3a77c22db0e2eea890a4,b5a0d2f913a63926e2bc3a77c22db0e2eea890a4
8697d730-4121-4ac5-90c4-0f35b15a4b24,c6931fd9-f783-4e1f-84df-c7ffe49c3426,eigenlabs/lighter-prover-challenge,+,3.18419941491498,1fb3f86a-64a3-4824-9572-67cc5792d5f9,exakoss,accepted,,12.0155505374635,true,promoted,2026-08-07T07:50:24.806000Z,2026-08-07T07:50:33.085000Z,2026-08-07T07:35:43.601688Z,13b1a89322b25d074b7a8e10791c1d15b74f5afc,7429bf08d8977918934aa1e6cceb089131c636d8
1600f5d9-4dd5-4442-8e70-567d6261725f,c6931fd9-f783-4e1f-84df-c7ffe49c3426,eigenlabs/lighter-prover-challenge,+,3.18419941491498,d9bb60bf-6d08-4b1a-93f0-b5ea1f9b4caf,jungjipdo,accepted,,12.2273291238873,true,promoted,2026-08-07T08:11:25.448000Z,2026-08-07T08:11:36.663000Z,2026-08-07T08:04:07.606303Z,984fd0fdc69832b0f74db36c3aa6c2ca234dc888,984fd0fdc69832b0f74db36c3aa6c2ca234dc888
d5d4ea89-683d-45f7-987f-ceb28497490d,c6931fd9-f783-4e1f-84df-c7ffe49c3426,eigenlabs/lighter-prover-challenge,+,3.18419941491498,d9bb60bf-6d08-4b1a-93f0-b5ea1f9b4caf,jungjipdo,accepted,,12.2279818813667,true,promoted,2026-08-07T08:55:59.063000Z,2026-08-07T08:56:02.732000Z,2026-08-07T08:41:28.036727Z,38c4ecc66aac5d90d355bbf97e37beb1241df2de,38c4ecc66aac5d90d355bbf97e37beb1241df2de
ded78194-8714-4439-a357-6338383b8543,c6931fd9-f783-4e1f-84df-c7ffe49c3426,eigenlabs/lighter-prover-challenge,+,3.18419941491498,a1e763f9-6c6c-4b48-a236-9da78612233e,mega-dmitriy,accepted,,12.2332431786,true,promoted,2026-08-07T09:11:34.515000Z,2026-08-07T09:11:42.138000Z,2026-08-07T08:55:56.145343Z,02bdf48b964b9fd833eb089626d987d9518df2f4,5799a64f2e66e90b2600b168c9cd0e1be8348a59
bd882d2e-a426-404c-a045-43f076ab27fc,c6931fd9-f783-4e1f-84df-c7ffe49c3426,eigenlabs/lighter-prover-challenge,+,3.18419941491498,a1e763f9-6c6c-4b48-a236-9da78612233e,mega-dmitriy,accepted,,12.3083152119379,true,promoted,2026-08-07T10:11:08.812000Z,2026-08-07T10:11:12.360000Z,2026-08-07T10:04:34.298347Z,9819f0c8a409631ca3268924242d41bdf2335ff2,9819f0c8a409631ca3268924242d41bdf2335ff2
09f79bbf-2558-441b-8004-ef92d08c2c3d,c6931fd9-f783-4e1f-84df-c7ffe49c3426,eigenlabs/lighter-prover-challenge,+,3.18419941491498,a3fdb1c1-800d-4263-ae03-4b8f05515f01,1ByteOfCookie,accepted,,12.3276042637549,true,promoted,2026-08-07T10:54:38.747000Z,2026-08-07T10:54:41.580000Z,2026-08-07T10:34:07.067179Z,86e404220d90b8aa45d7634546672ba3b9d35e98,86e404220d90b8aa45d7634546672ba3b9d35e98
c6d775f9-edc4-4ff0-b6e4-8f9509c5bb84,c6931fd9-f783-4e1f-84df-c7ffe49c3426,eigenlabs/lighter-prover-challenge,+,3.18419941491498,415fa9a3-5980-41d7-a25b-6d386cb7703f,yagggi,accepted,,12.3281309148927,true,promoted,2026-08-07T12:28:51.593000Z,2026-08-07T12:28:57.269000Z,2026-08-07T12:08:03.173539Z,284404b5a260cfcfd4340aae457e8913c37aab35,284404b5a260cfcfd4340aae457e8913c37aab35
0ca51061-79f7-41fc-b2f6-91e54e164641,c6931fd9-f783-4e1f-84df-c7ffe49c3426,eigenlabs/lighter-prover-challenge,+,3.18419941491498,a1e763f9-6c6c-4b48-a236-9da78612233e,mega-dmitriy,accepted,,12.3632784597626,true,promoted,2026-08-07T12:51:26.058000Z,2026-08-07T12:52:14.538000Z,2026-08-07T12:26:56.359863Z,1a8a66a7d965fd996199851dac80205704f1cbb6,60e38763b03e8c75857205d3b490397578ff6cd4
093d557a-41da-4246-af99-a7c77f64458a,c6931fd9-f783-4e1f-84df-c7ffe49c3426,eigenlabs/lighter-prover-challenge,+,3.18419941491498,3fe96774-9dad-4ac1-903d-873eaba72049,i34-9,accepted,,12.364874204837,true,promoted,2026-08-07T13:22:30.990000Z,2026-08-07T13:22:39.285000Z,2026-08-07T12:51:55.701542Z,3f24e1dfb6a7773ec523f1efe35d8c665edb06be,fd19d3fff5e10cd0151d4af0c33004a8d36f4152
4383c567-b224-4b20-986a-6256881df7ff,c6931fd9-f783-4e1f-84df-c7ffe49c3426,eigenlabs/lighter-prover-challenge,+,3.18419941491498,aa66aa75-26d2-499e-800e-a012e265f4d4,RealAdii,accepted,,12.4685650512821,true,promoted,2026-08-07T13:47:27.088000Z,2026-08-07T13:47:30.351000Z,2026-08-07T13:33:25.917714Z,3c37429f178bbd7dd122f7d4c34e697321d043e7,3c37429f178bbd7dd122f7d4c34e697321d043e7
34d2f734-3662-447f-a928-e6470203724f,c6931fd9-f783-4e1f-84df-c7ffe49c3426,eigenlabs/lighter-prover-challenge,+,3.18419941491498,a1e763f9-6c6c-4b48-a236-9da78612233e,mega-dmitriy,accepted,,12.5440965684294,true,promoted,2026-08-07T14:00:33.836000Z,2026-08-07T14:00:41.110000Z,2026-08-07T13:43:08.107752Z,079739aac78a5cf826f10ade5e36b13793096952,c544d76b839949c86d8fc008a12683e62198ff54
2fbf4806-fb00-4467-9d60-e182b141ea8b,c6931fd9-f783-4e1f-84df-c7ffe49c3426,eigenlabs/lighter-prover-challenge,+,3.18419941491498,c98f0e02-d75e-47f4-99e3-5d657c0b60d2,Meganpark980320,accepted,,14.9334788742061,true,promoted,2026-08-07T15:35:10.151000Z,2026-08-07T15:35:15.140000Z,2026-08-07T15:12:11.914871Z,18b7b73b073a5201d47d87acc98e66b038b48716,18b7b73b073a5201d47d87acc98e66b038b48716
403e7b4f-fd55-4467-9bf8-34908b28361a,c6931fd9-f783-4e1f-84df-c7ffe49c3426,eigenlabs/lighter-prover-challenge,+,3.18419941491498,1fb3f86a-64a3-4824-9572-67cc5792d5f9,exakoss,accepted,,15.2468277033828,true,promoted,2026-08-07T16:35:31.896000Z,2026-08-07T16:35:35.973000Z,2026-08-07T16:17:13.956401Z,3a1d928a42fd439a83842ed92359c484a28e58ed,3a1d928a42fd439a83842ed92359c484a28e58ed
05985758-2df2-422d-b052-1e62092fed0a,c6931fd9-f783-4e1f-84df-c7ffe49c3426,eigenlabs/lighter-prover-challenge,+,3.18419941491498,28672c4f-4581-457e-8a42-47cedca958ec,iamgoatedaf,accepted,,15.5101536456315,true,promoted,2026-08-07T16:48:02.682000Z,2026-08-07T16:48:10.119000Z,2026-08-07T16:33:44.199134Z,0acb48a3f5569e7813faef4279f4b19811c42b3d,3bc852a565235498e00f959e17e0996e48dcd1a2
822a1faa-76bc-4f5b-90c3-a9e553c8469f,c6931fd9-f783-4e1f-84df-c7ffe49c3426,eigenlabs/lighter-prover-challenge,+,3.18419941491498,90f83911-a856-4c07-b48b-1b3d140b6cfd,zuiris,accepted,,15.7011526840702,true,promoted,2026-08-07T17:20:44.475000Z,2026-08-07T17:20:48.360000Z,2026-08-07T17:06:42.307630Z,f38a66fbea545638d4c82d367e30bf0cd53422ed,f38a66fbea545638d4c82d367e30bf0cd53422ed
6a0db98a-f3d0-4dd9-9b48-37b1c2398526,c6931fd9-f783-4e1f-84df-c7ffe49c3426,eigenlabs/lighter-prover-challenge,+,3.18419941491498,90f83911-a856-4c07-b48b-1b3d140b6cfd,zuiris,accepted,,16.3512645314813,true,promoted,2026-08-07T17:39:34.946000Z,2026-08-07T17:39:37.890000Z,2026-08-07T17:31:18.756354Z,d1db2b0d6cf9ff17aa54b3fff1a932dd00ad9dda,d1db2b0d6cf9ff17aa54b3fff1a932dd00ad9dda
c63438f7-7c6f-43be-9597-23f325979a46,c6931fd9-f783-4e1f-84df-c7ffe49c3426,eigenlabs/lighter-prover-challenge,+,3.18419941491498,a1e763f9-6c6c-4b48-a236-9da78612233e,mega-dmitriy,accepted,,16.3589757673221,true,promoted,2026-08-07T18:16:53.018000Z,2026-08-07T18:16:56.742000Z,2026-08-07T18:06:03.218081Z,aae1cc6253962a5a343cd10883f1026bca68776f,aae1cc6253962a5a343cd10883f1026bca68776f
b99d2e22-d67e-49a4-b446-105ebd437939,c6931fd9-f783-4e1f-84df-c7ffe49c3426,eigenlabs/lighter-prover-challenge,+,3.18419941491498,1fb3f86a-64a3-4824-9572-67cc5792d5f9,exakoss,accepted,,16.4728370618626,true,promoted,2026-08-07T18:21:38.408000Z,2026-08-07T18:21:50.365000Z,2026-08-07T18:15:47.102495Z,002fff0ce848e8faf8da5cd20d4a33865ae762f7,60d53c0a8783c43285697ffb93e0c93cc8073a21
38c22f75-5454-48b8-becb-02cc2c0ac0a0,c6931fd9-f783-4e1f-84df-c7ffe49c3426,eigenlabs/lighter-prover-challenge,+,3.18419941491498,0cda8e92-e434-4d70-96ca-7ffbaa1a8645,Gajesh2007,accepted,,16.5713855588614,true,promoted,2026-08-07T18:27:39.092000Z,2026-08-07T18:27:45.943000Z,2026-08-07T18:21:33.275888Z,079ae06fb4b981ef92eb81168dd85c84e3b74fb1,2e16ee86582faf43eb65f4222fe313fb88fcc2d6
ebab7a74-287e-4e2a-bf86-6c63e6f46423,c6931fd9-f783-4e1f-84df-c7ffe49c3426,eigenlabs/lighter-prover-challenge,+,3.18419941491498,a06da771-aaf7-492d-a568-1c2ac883100b,the1xinoe,accepted,,16.5815580707781,true,promoted,2026-08-07T18:35:16.573000Z,2026-08-07T18:35:20.902000Z,2026-08-07T18:29:08.317413Z,cf7da86e47fccde6abb6d69b228fc1399bb2b480,cf7da86e47fccde6abb6d69b228fc1399bb2b480
fc3d5b23-07fd-4968-9e49-0ac6bdcc331e,c6931fd9-f783-4e1f-84df-c7ffe49c3426,eigenlabs/lighter-prover-challenge,+,3.18419941491498,77878d5b-35be-4709-9863-3c08a6f858d6,scarletbright,accepted,,16.6235776884659,true,promoted,2026-08-07T19:04:10.286000Z,2026-08-07T19:04:16.368000Z,2026-08-07T18:51:31.294360Z,d617f67766d5cf7d07b9ae6339f07c63d23288bf,d617f67766d5cf7d07b9ae6339f07c63d23288bf
7375926c-44a3-4101-806b-def3652209fb,c6931fd9-f783-4e1f-84df-c7ffe49c3426,eigenlabs/lighter-prover-challenge,+,3.18419941491498,03be35c6-2527-42e1-8648-8e8a3c177ca1,beaulowo,accepted,,16.7715203437319,true,promoted,2026-08-07T19:15:59.451000Z,2026-08-07T19:16:05.007000Z,2026-08-07T19:05:49.866694Z,01cafdf424e8989a6065f86009d96f130f102bb4,01cafdf424e8989a6065f86009d96f130f102bb4
b3bdc36e-287c-4c6c-89ff-c629c03481a2,c6931fd9-f783-4e1f-84df-c7ffe49c3426,eigenlabs/lighter-prover-challenge,+,3.18419941491498,aa66aa75-26d2-499e-800e-a012e265f4d4,RealAdii,accepted,,16.775081558321,true,promoted,2026-08-07T22:59:53.912000Z,2026-08-07T22:59:56.745000Z,2026-08-07T22:50:38.031468Z,7a938d9af162321550cf534491e0874191cb7686,7a938d9af162321550cf534491e0874191cb7686
e595ac31-ddff-4dd7-9122-652cc33cd538,c6931fd9-f783-4e1f-84df-c7ffe49c3426,eigenlabs/lighter-prover-challenge,+,3.18419941491498,f1f62f17-7edb-4068-b65c-1f3097a0a275,rawqubit,accepted,,16.8196966493224,true,promoted,2026-08-07T23:03:04.176000Z,2026-08-07T23:03:11.374000Z,2026-08-07T22:53:41.845206Z,b3f4b6bbcd209de086563bedfb946bf70137702f,31961d83d031dbea123d140d4372ad86ca623fe5
40f41af9-4ccb-435a-9450-a4a56d864e45,c6931fd9-f783-4e1f-84df-c7ffe49c3426,eigenlabs/lighter-prover-challenge,+,3.18419941491498,a1e763f9-6c6c-4b48-a236-9da78612233e,mega-dmitriy,accepted,,16.9183388325727,true,promoted,2026-08-07T23:16:36.967000Z,2026-08-07T23:16:44.649000Z,2026-08-07T23:02:19.975811Z,8aa1f868ece9e3cffab2fb35234a6bdfbdca89dc,fdee68a376ef8d08d001c061a4f7b6a4b9584cda
94a0f512-23fa-42f7-bca8-247bd5730340,c6931fd9-f783-4e1f-84df-c7ffe49c3426,eigenlabs/lighter-prover-challenge,+,3.18419941491498,3fe96774-9dad-4ac1-903d-873eaba72049,i34-9,accepted,,17.7921629285684,true,promoted,2026-08-08T00:15:31.379000Z,2026-08-08T00:15:34.371000Z,2026-08-08T00:03:33.456269Z,067eff02dbc24b557301105ab35db772af9752ab,067eff02dbc24b557301105ab35db772af9752ab
80c03bd7-0d79-4cef-8f7c-07220124ec7e,c6931fd9-f783-4e1f-84df-c7ffe49c3426,eigenlabs/lighter-prover-challenge,+,3.18419941491498,96922ed0-a003-495b-a203-46cfbba09eb1,bot66,accepted,,17.8180261965129,true,promoted,2026-08-08T00:36:36.816000Z,2026-08-08T00:36:41.035000Z,2026-08-08T00:27:06.610596Z,d0ff6ec588759ad3dd23555eececad7c641c8b9b,d0ff6ec588759ad3dd23555eececad7c641c8b9b
aa940bb3-1766-4695-b09c-a7280f637bfa,c6931fd9-f783-4e1f-84df-c7ffe49c3426,eigenlabs/lighter-prover-challenge,+,3.18419941491498,f1f62f17-7edb-4068-b65c-1f3097a0a275,rawqubit,accepted,,18.1713423533932,true,promoted,2026-08-08T00:38:20.891000Z,2026-08-08T00:38:29.261000Z,2026-08-08T00:31:21.454940Z,7ca743ab941ae74ca88bcf57adedd0dcab61f3ec,0585b1da28e0cb54e053eb2c0994f7731ffb8740
6cc1ab38-a8d6-4550-bd54-14ad8c7bc625,c6931fd9-f783-4e1f-84df-c7ffe49c3426,eigenlabs/lighter-prover-challenge,+,3.18419941491498,a986e966-3596-48dc-bbf5-92ea036efa3a,metaspartan,accepted,,18.4447731274783,true,promoted,2026-08-08T02:18:34.067000Z,2026-08-08T02:18:37.641000Z,2026-08-08T02:07:00.663914Z,582cd74dc5d2d023df0f28c89d5881b20dee9e5d,582cd74dc5d2d023df0f28c89d5881b20dee9e5d
c2fb0f69-a5d1-4d59-aaa6-b3171fff6d2e,c6931fd9-f783-4e1f-84df-c7ffe49c3426,eigenlabs/lighter-prover-challenge,+,3.18419941491498,96922ed0-a003-495b-a203-46cfbba09eb1,bot66,accepted,,18.7191861487891,true,promoted,2026-08-08T02:46:37.925000Z,2026-08-08T02:46:43.314000Z,2026-08-08T02:40:11.439142Z,ac8b6a886fba97406c71314df2544f5297198d3e,ac8b6a886fba97406c71314df2544f5297198d3e
ff1dd9ac-31ae-4fc7-90b9-3d9a0838b66a,c6931fd9-f783-4e1f-84df-c7ffe49c3426,eigenlabs/lighter-prover-challenge,+,3.18419941491498,3fe96774-9dad-4ac1-903d-873eaba72049,i34-9,accepted,,18.8680422695849,true,promoted,2026-08-08T03:09:55.941000Z,2026-08-08T03:09:59.031000Z,2026-08-08T03:03:06.277158Z,969bf7643a791506fdcd1ba24d9ec407be11346f,969bf7643a791506fdcd1ba24d9ec407be11346f
a8cf32a3-7beb-4be6-beea-15e04cf582b9,c6931fd9-f783-4e1f-84df-c7ffe49c3426,eigenlabs/lighter-prover-challenge,+,3.18419941491498,3fe96774-9dad-4ac1-903d-873eaba72049,i34-9,accepted,,19.0121068824602,true,promoted,2026-08-08T03:29:48.726000Z,2026-08-08T03:29:53.072000Z,2026-08-08T03:24:36.014993Z,4a4da5d7a89e890a7dd867851a277ef668f3f865,4a4da5d7a89e890a7dd867851a277ef668f3f865
f85fe395-fd7c-4254-971d-88a9dd995bdd,c6931fd9-f783-4e1f-84df-c7ffe49c3426,eigenlabs/lighter-prover-challenge,+,3.18419941491498,a1e763f9-6c6c-4b48-a236-9da78612233e,mega-dmitriy,accepted,,19.0150472015804,true,promoted,2026-08-08T03:43:13.544000Z,2026-08-08T03:43:17.843000Z,2026-08-08T03:35:01.588322Z,322e2498784d00d41efbcbec12d55a2b3ff6fb2c,322e2498784d00d41efbcbec12d55a2b3ff6fb2c
132b3bed-10a8-4868-a8dd-1b7bcfc1132e,c6931fd9-f783-4e1f-84df-c7ffe49c3426,eigenlabs/lighter-prover-challenge,+,3.18419941491498,a986e966-3596-48dc-bbf5-92ea036efa3a,metaspartan,accepted,,19.1384796540343,true,promoted,2026-08-08T03:59:29.555000Z,2026-08-08T03:59:35.083000Z,2026-08-08T03:51:06.174963Z,a1113ceb608cba9cddd4428a24e7548825b9ed2a,a1113ceb608cba9cddd4428a24e7548825b9ed2a
ddf595d9-5da1-4b1b-b10b-a6730bc8893e,c6931fd9-f783-4e1f-84df-c7ffe49c3426,eigenlabs/lighter-prover-challenge,+,3.18419941491498,e3d1e71c-3eeb-4bed-a2fa-abe3ad3f9c9e,noskillcoding,accepted,,19.1779330848118,true,promoted,2026-08-08T04:16:32.241000Z,2026-08-08T04:16:35.917000Z,2026-08-08T04:11:21.909757Z,ff5d46033dbbf16d5344af132e6cb705ca01abcb,ff5d46033dbbf16d5344af132e6cb705ca01abcb
bd54737d-58ec-49f7-af55-941a844218f8,c6931fd9-f783-4e1f-84df-c7ffe49c3426,eigenlabs/lighter-prover-challenge,+,3.18419941491498,96922ed0-a003-495b-a203-46cfbba09eb1,bot66,accepted,,19.4642167203929,true,promoted,2026-08-08T04:34:48.698000Z,2026-08-08T04:34:53.326000Z,2026-08-08T04:26:31.961275Z,4900e10aecd9f4e3050c531437e16f4b1d9b2e04,4900e10aecd9f4e3050c531437e16f4b1d9b2e04
4ccf36cc-1a54-4747-b61b-155f7d80e027,c6931fd9-f783-4e1f-84df-c7ffe49c3426,eigenlabs/lighter-prover-challenge,+,3.18419941491498,a3fdb1c1-800d-4263-ae03-4b8f05515f01,1ByteOfCookie,accepted,,19.5145247308065,true,promoted,2026-08-08T09:32:56.298000Z,2026-08-08T09:32:59.404000Z,2026-08-08T09:21:52.913691Z,7406e03cb0bfab4ce44767883032144a5048c095,7406e03cb0bfab4ce44767883032144a5048c095
92406f09-d7f9-45da-beee-de1adb17c258,c6931fd9-f783-4e1f-84df-c7ffe49c3426,eigenlabs/lighter-prover-challenge,+,3.18419941491498,03be35c6-2527-42e1-8648-8e8a3c177ca1,beaulowo,accepted,,19.5354377121211,true,promoted,2026-08-08T10:44:49.795000Z,2026-08-08T10:44:52.777000Z,2026-08-08T10:39:06.203318Z,d8c09910e079b50de7b742af3ea595abbec550b0,d8c09910e079b50de7b742af3ea595abbec550b0
76cc4bca-1b82-473e-acf0-fe4686537629,c6931fd9-f783-4e1f-84df-c7ffe49c3426,eigenlabs/lighter-prover-challenge,+,3.18419941491498,3fe96774-9dad-4ac1-903d-873eaba72049,i34-9,accepted,,22.1436190913457,true,promoted,2026-08-08T17:16:08.192000Z,2026-08-08T17:16:14.343000Z,2026-08-08T17:09:52.892730Z,d626240b15dfadda592643d759ccd55e08beee88,d626240b15dfadda592643d759ccd55e08beee88
5dd40858-94cb-4b08-af55-7e95f82b973f,c6931fd9-f783-4e1f-84df-c7ffe49c3426,eigenlabs/lighter-prover-challenge,+,3.18419941491498,3fe96774-9dad-4ac1-903d-873eaba72049,i34-9,accepted,,22.2217529400832,true,promoted,2026-08-08T17:24:37.168000Z,2026-08-08T17:24:41.980000Z,2026-08-08T17:16:49.427507Z,0d8f4c43eac226552eedce1e076f7f15779c1adb,0d8f4c43eac226552eedce1e076f7f15779c1adb
7072b7b0-ceef-44be-8cc7-47dadb04b8d3,c6931fd9-f783-4e1f-84df-c7ffe49c3426,eigenlabs/lighter-prover-challenge,+,3.18419941491498,3fe96774-9dad-4ac1-903d-873eaba72049,i34-9,accepted,,22.4247772452802,true,promoted,2026-08-08T17:41:51.304000Z,2026-08-08T17:41:54.811000Z,2026-08-08T17:36:38.568059Z,edb381661094a62c2443919cf9122cbbf6316227,edb381661094a62c2443919cf9122cbbf6316227
c8251cad-60d7-4219-87cf-90db967f201f,c6931fd9-f783-4e1f-84df-c7ffe49c3426,eigenlabs/lighter-prover-challenge,+,3.18419941491498,d72d3e59-484d-44e1-aed0-01195b3806b7,Nanansim,accepted,,22.4510539491956,true,promoted,2026-08-08T18:39:58.175000Z,2026-08-08T18:40:03.922000Z,2026-08-08T18:33:33.053090Z,7aa90dd94523d08342adf1450c9bb9ebccfde20d,7aa90dd94523d08342adf1450c9bb9ebccfde20d
bb742e47-014a-4037-bfe3-ee5da60cb52f,c6931fd9-f783-4e1f-84df-c7ffe49c3426,eigenlabs/lighter-prover-challenge,+,3.18419941491498,3fe96774-9dad-4ac1-903d-873eaba72049,i34-9,accepted,,23.1061711706196,true,promoted,2026-08-08T18:47:23.795000Z,2026-08-08T18:47:26.918000Z,2026-08-08T18:41:31.264718Z,ee560cf9cb09cf1f49967d4733dd8b5e9411c363,ee560cf9cb09cf1f49967d4733dd8b5e9411c363
a5623015-fcea-4f90-bb4b-c328c443f8f5,c6931fd9-f783-4e1f-84df-c7ffe49c3426,eigenlabs/lighter-prover-challenge,+,3.18419941491498,3fe96774-9dad-4ac1-903d-873eaba72049,i34-9,accepted,,23.1193128617568,true,promoted,2026-08-08T19:13:40.402000Z,2026-08-08T19:13:44.468000Z,2026-08-08T19:01:51.456239Z,28cee353769dafd057c5c31b07b24b1550444f45,28cee353769dafd057c5c31b07b24b1550444f45
58ed5f85-4b6d-4d64-956d-a236142a642a,c6931fd9-f783-4e1f-84df-c7ffe49c3426,eigenlabs/lighter-prover-challenge,+,3.18419941491498,28672c4f-4581-457e-8a42-47cedca958ec,iamgoatedaf,accepted,,23.351408483286,true,promoted,2026-08-08T19:18:01.174000Z,2026-08-08T19:18:08.225000Z,2026-08-08T19:07:43.182862Z,855f0f7ca3958d15287ec93fe2b8a80e722d563a,32c0d4527421bbc0efb2ac17a25f4d3e7fb45875
c5b3f63d-53d8-4594-b8a1-39e49c5dac1d,c6931fd9-f783-4e1f-84df-c7ffe49c3426,eigenlabs/lighter-prover-challenge,+,3.18419941491498,3fe96774-9dad-4ac1-903d-873eaba72049,i34-9,accepted,,23.5195849410005,true,promoted,2026-08-08T19:40:22.533000Z,2026-08-08T19:40:25.890000Z,2026-08-08T19:35:06.678670Z,f78274d5a360f1c65b1e9df9ef361d06ef7a6685,f78274d5a360f1c65b1e9df9ef361d06ef7a6685
8efb99e7-e119-4273-8598-de353370f42d,c6931fd9-f783-4e1f-84df-c7ffe49c3426,eigenlabs/lighter-prover-challenge,+,3.18419941491498,37ac17cb-2893-4cd0-97e6-a8a80e63ba5f,cryptogakusei,accepted,,23.6248993739487,true,promoted,2026-08-08T20:19:48.888000Z,2026-08-08T20:19:52.656000Z,2026-08-08T20:08:56.146411Z,08b62989f03717fe22f5e2e2dae9a22a63d6c857,08b62989f03717fe22f5e2e2dae9a22a63d6c857
8cbb2f21-167d-4dc8-8dd2-f952d8ed3b62,c6931fd9-f783-4e1f-84df-c7ffe49c3426,eigenlabs/lighter-prover-challenge,+,3.18419941491498,37ac17cb-2893-4cd0-97e6-a8a80e63ba5f,cryptogakusei,accepted,,23.7822008636337,true,promoted,2026-08-08T21:03:54.077000Z,2026-08-08T21:03:58.505000Z,2026-08-08T20:50:42.269984Z,c88a5406fc9b8861a30cd122a4ed98bcab4b99bb,c88a5406fc9b8861a30cd122a4ed98bcab4b99bb
4fee105b-c37c-49e9-922a-1f3ebed6f125,c6931fd9-f783-4e1f-84df-c7ffe49c3426,eigenlabs/lighter-prover-challenge,+,3.18419941491498,96922ed0-a003-495b-a203-46cfbba09eb1,bot66,accepted,,23.8850193893218,true,promoted,2026-08-08T21:11:18.470000Z,2026-08-08T21:11:25.466000Z,2026-08-08T20:55:52.792624Z,d3a6bb06699733f4c53c7c3b77349b78b9d8260d,45a625fa527c8f9afcd1f78ea348e69cd4ec98ca
a99a8dda-624b-45ac-baf1-3f8acb8e23ec,c6931fd9-f783-4e1f-84df-c7ffe49c3426,eigenlabs/lighter-prover-challenge,+,3.18419941491498,90f83911-a856-4c07-b48b-1b3d140b6cfd,zuiris,accepted,,24.0382527348019,true,promoted,2026-08-08T22:06:13.417000Z,2026-08-08T22:06:17.863000Z,2026-08-08T21:59:56.914097Z,d341b84f3930dc9243c5b032b0c2b06b99b71a70,d341b84f3930dc9243c5b032b0c2b06b99b71a70
05d5e7bd-c435-4d68-b2e3-c5410ec682c3,c6931fd9-f783-4e1f-84df-c7ffe49c3426,eigenlabs/lighter-prover-challenge,+,3.18419941491498,3fe96774-9dad-4ac1-903d-873eaba72049,i34-9,accepted,,24.0425635602122,true,promoted,2026-08-08T22:22:11.430000Z,2026-08-08T22:22:15.343000Z,2026-08-08T22:17:09.604335Z,345110afa21e1780e642fa0d5a4b0c385ebd6916,345110afa21e1780e642fa0d5a4b0c385ebd6916
9c7f167d-ad25-4b54-ba79-b0c7cbe0affb,c6931fd9-f783-4e1f-84df-c7ffe49c3426,eigenlabs/lighter-prover-challenge,+,3.18419941491498,05b343c4-4dc9-40bd-85e1-d8ba82e021b3,andrewgbell,accepted,,24.260106105899,true,promoted,2026-08-08T22:48:26.622000Z,2026-08-08T22:48:32.027000Z,2026-08-08T22:43:20.142954Z,0900b6a65f4f6f88576ca4f7caefeafe6a410450,0900b6a65f4f6f88576ca4f7caefeafe6a410450
1dc7dbc6-75a6-43e9-a1a8-d117d0692cb3,c6931fd9-f783-4e1f-84df-c7ffe49c3426,eigenlabs/lighter-prover-challenge,+,3.18419941491498,3fe96774-9dad-4ac1-903d-873eaba72049,i34-9,accepted,,24.3532139793113,true,promoted,2026-08-08T23:15:16.682000Z,2026-08-08T23:15:21.832000Z,2026-08-08T23:09:44.647634Z,912a402e57eabb664b8e16ec999d67c9f1452c44,912a402e57eabb664b8e16ec999d67c9f1452c44
3c900730-ff76-4c48-b188-9f8d6fbf6d33,c6931fd9-f783-4e1f-84df-c7ffe49c3426,eigenlabs/lighter-prover-challenge,+,3.18419941491498,3fe96774-9dad-4ac1-903d-873eaba72049,i34-9,accepted,,24.4669562244486,true,promoted,2026-08-09T00:14:49.766000Z,2026-08-09T00:14:53.105000Z,2026-08-09T00:09:48.026170Z,e8f45b26aa9186f36a078f34f3a0f1d24f6b383f,e8f45b26aa9186f36a078f34f3a0f1d24f6b383f
b887a3ef-dd4f-40db-a1b3-5b50881e0096,c6931fd9-f783-4e1f-84df-c7ffe49c3426,eigenlabs/lighter-prover-challenge,+,3.18419941491498,a986e966-3596-48dc-bbf5-92ea036efa3a,metaspartan,accepted,,24.4986836304105,true,promoted,2026-08-09T00:17:24.087000Z,2026-08-09T00:17:32.361000Z,2026-08-09T00:07:05.891543Z,6bd6a61ca0c261cdca05433a330f1c3f4f56f935,55570c2fe23e2d407de90a00aedf54d6159ecc21
88faf2a6-1a8b-48d0-980d-31da927c5bb9,c6931fd9-f783-4e1f-84df-c7ffe49c3426,eigenlabs/lighter-prover-challenge,+,3.18419941491498,1fb3f86a-64a3-4824-9572-67cc5792d5f9,exakoss,accepted,,24.5959783938808,true,promoted,2026-08-09T00:37:57.013000Z,2026-08-09T00:38:01.026000Z,2026-08-09T00:32:37.390013Z,940bd3c3ce41994de3b20bfc2c275045103eba4e,940bd3c3ce41994de3b20bfc2c275045103eba4e
307a33b8-704e-4ba5-befb-d737e1f9a333,c6931fd9-f783-4e1f-84df-c7ffe49c3426,eigenlabs/lighter-prover-challenge,+,3.18419941491498,0cda8e92-e434-4d70-96ca-7ffbaa1a8645,Gajesh2007,accepted,,24.8187439147347,true,promoted,2026-08-09T00:43:45.921000Z,2026-08-09T00:43:49.861000Z,2026-08-09T00:38:22.021681Z,83c49f44047b8f37510af742408ac92fd4435e00,83c49f44047b8f37510af742408ac92fd4435e00
1c4faa8e-4c23-4658-a7b9-eba423594977,c6931fd9-f783-4e1f-84df-c7ffe49c3426,eigenlabs/lighter-prover-challenge,+,3.18419941491498,3fe96774-9dad-4ac1-903d-873eaba72049,i34-9,accepted,,25.4087990980349,true,promoted,2026-08-09T00:48:28.052000Z,2026-08-09T00:48:34.975000Z,2026-08-09T00:40:05.081155Z,a8ca9c9c864d51ffe3d3263b510178b74549cad1,450793cde83a5cbe9b64cefafda983264f796535
a6e88fa2-992d-4bd4-8b85-a9d58d42a8b9,c6931fd9-f783-4e1f-84df-c7ffe49c3426,eigenlabs/lighter-prover-challenge,+,3.18419941491498,cacd478a-9b7e-4f87-a29a-73574aa360aa,beibei030,accepted,,25.4195929381643,true,promoted,2026-08-09T01:13:31.217000Z,2026-08-09T01:13:36.386000Z,2026-08-09T01:08:15.015825Z,6157d206c282c3ae29cbbfe5031dbf9eed8295ab,6157d206c282c3ae29cbbfe5031dbf9eed8295ab
cb0aa487-2006-4048-bf74-0b6735fffef3,c6931fd9-f783-4e1f-84df-c7ffe49c3426,eigenlabs/lighter-prover-challenge,+,3.18419941491498,3fe96774-9dad-4ac1-903d-873eaba72049,i34-9,accepted,,25.9545087669715,true,promoted,2026-08-09T01:15:13.515000Z,2026-08-09T01:15:23.064000Z,2026-08-09T01:09:54.692528Z,b723c4d26ef893c45507e23f3be5a621e33a5682,0cf1c2221eab17d5cfb55243b34a8ce0b6f27235
7e7d075c-2635-48ed-90bb-6b7276c0741a,c6931fd9-f783-4e1f-84df-c7ffe49c3426,eigenlabs/lighter-prover-challenge,+,3.18419941491498,1fb3f86a-64a3-4824-9572-67cc5792d5f9,exakoss,accepted,,26.2601759263109,true,promoted,2026-08-09T01:21:36.853000Z,2026-08-09T01:21:40.656000Z,2026-08-09T01:16:14.861954Z,5c368a9b409b2e9e1eb5e39cd87709c5008fb85c,5c368a9b409b2e9e1eb5e39cd87709c5008fb85c
60b86089-251c-442c-a6d1-a59502833136,c6931fd9-f783-4e1f-84df-c7ffe49c3426,eigenlabs/lighter-prover-challenge,+,3.18419941491498,d9bb60bf-6d08-4b1a-93f0-b5ea1f9b4caf,jungjipdo,accepted,,26.2681067535595,true,promoted,2026-08-09T01:32:32.622000Z,2026-08-09T01:32:37.394000Z,2026-08-09T01:23:04.074153Z,d401b1b2838a0a96ad89cab3ca10144d50eed0c8,d401b1b2838a0a96ad89cab3ca10144d50eed0c8
bc80b059-915f-4161-baee-fd6500d3f712,c6931fd9-f783-4e1f-84df-c7ffe49c3426,eigenlabs/lighter-prover-challenge,+,3.18419941491498,cacd478a-9b7e-4f87-a29a-73574aa360aa,beibei030,accepted,,26.5061644775546,true,promoted,2026-08-09T01:37:56.488000Z,2026-08-09T01:38:00.684000Z,2026-08-09T01:32:41.099767Z,0103e29bb286b58f7d60d2a96652e90564f5eed7,0103e29bb286b58f7d60d2a96652e90564f5eed7
c260bf63-2658-4400-b7e6-f617dc9c7b90,c6931fd9-f783-4e1f-84df-c7ffe49c3426,eigenlabs/lighter-prover-challenge,+,3.18419941491498,96922ed0-a003-495b-a203-46cfbba09eb1,bot66,accepted,,26.5377802517033,true,promoted,2026-08-09T01:43:03.306000Z,2026-08-09T01:43:07.439000Z,2026-08-09T01:38:02.303227Z,8218ffadae8b8be080c208b3bdd1516020cb9a2a,8218ffadae8b8be080c208b3bdd1516020cb9a2a
c39c372c-04dd-4416-8604-2cceef13fe44,c6931fd9-f783-4e1f-84df-c7ffe49c3426,eigenlabs/lighter-prover-challenge,+,3.18419941491498,a986e966-3596-48dc-bbf5-92ea036efa3a,metaspartan,accepted,,26.6004959230537,true,promoted,2026-08-09T02:36:17.508000Z,2026-08-09T02:36:20.924000Z,2026-08-09T02:30:32.039816Z,8ea63e89365babbdb02087b11f147a1a201a3f4e,8ea63e89365babbdb02087b11f147a1a201a3f4e
a03522a2-efdb-4c07-837a-fee7c3d3e39c,c6931fd9-f783-4e1f-84df-c7ffe49c3426,eigenlabs/lighter-prover-challenge,+,3.18419941491498,28672c4f-4581-457e-8a42-47cedca958ec,iamgoatedaf,accepted,,26.6023861858906,true,promoted,2026-08-09T03:25:53.626000Z,2026-08-09T03:25:58.068000Z,2026-08-09T03:20:40.543244Z,713c6ec43cd788191ca603acc54af166b934df31,713c6ec43cd788191ca603acc54af166b934df31
89ee0768-d832-487f-afd1-55df7eb622b7,c6931fd9-f783-4e1f-84df-c7ffe49c3426,eigenlabs/lighter-prover-challenge,+,3.18419941491498,3fe96774-9dad-4ac1-903d-873eaba72049,i34-9,accepted,,26.7324335982068,true,promoted,2026-08-09T04:08:10.565000Z,2026-08-09T04:08:15.379000Z,2026-08-09T03:58:57.698291Z,a635a18aa9241d15d638cd372b164c54b4d2e600,a635a18aa9241d15d638cd372b164c54b4d2e600
6852f09e-ea52-4002-b96c-aca3651c4790,c6931fd9-f783-4e1f-84df-c7ffe49c3426,eigenlabs/lighter-prover-challenge,+,3.18419941491498,3fe96774-9dad-4ac1-903d-873eaba72049,i34-9,accepted,,26.8995828739518,true,promoted,2026-08-09T04:20:58.698000Z,2026-08-09T04:21:03.431000Z,2026-08-09T04:16:15.902569Z,9f71f644868fcb723b94ec1fc9f1d64bad9163f3,9f71f644868fcb723b94ec1fc9f1d64bad9163f3
f66fa397-176c-4a29-8a69-ce6162b371e8,c6931fd9-f783-4e1f-84df-c7ffe49c3426,eigenlabs/lighter-prover-challenge,+,3.18419941491498,1fb3f86a-64a3-4824-9572-67cc5792d5f9,exakoss,accepted,,26.9018028428798,true,promoted,2026-08-09T04:58:56.729000Z,2026-08-09T04:59:00.697000Z,2026-08-09T04:52:58.219458Z,b30a4ba9b4f682f29c6efcc04a210a17f3e9cf33,b30a4ba9b4f682f29c6efcc04a210a17f3e9cf33
af1cd9b7-cb5c-42fe-a91a-45b001a6fb91,c6931fd9-f783-4e1f-84df-c7ffe49c3426,eigenlabs/lighter-prover-challenge,+,3.18419941491498,cacd478a-9b7e-4f87-a29a-73574aa360aa,beibei030,accepted,,26.9531966123271,true,promoted,2026-08-09T06:03:31.587000Z,2026-08-09T06:03:35.815000Z,2026-08-09T05:58:21.085165Z,50bed6461a15787296624f401bb2a97472bf9f10,50bed6461a15787296624f401bb2a97472bf9f10
3988cf46-595a-4f68-9464-d96cb1887e76,c6931fd9-f783-4e1f-84df-c7ffe49c3426,eigenlabs/lighter-prover-challenge,+,3.18419941491498,f1f62f17-7edb-4068-b65c-1f3097a0a275,rawqubit,accepted,,26.959278614888,true,promoted,2026-08-09T07:21:43.289000Z,2026-08-09T07:21:48.514000Z,2026-08-09T07:13:19.263065Z,04506eca6eeebb48fb78ac39443e7e7d9c33c01e,04506eca6eeebb48fb78ac39443e7e7d9c33c01e
f3bceaa4-2a92-401f-82c9-b30fdc4f9fde,c6931fd9-f783-4e1f-84df-c7ffe49c3426,eigenlabs/lighter-prover-challenge,+,3.18419941491498,f1f62f17-7edb-4068-b65c-1f3097a0a275,rawqubit,accepted,,26.9753651803152,true,promoted,2026-08-09T07:34:13.881000Z,2026-08-09T07:34:16.766000Z,2026-08-09T07:23:40.413896Z,c1a82006942256bf588fd59ee7e18a383f0bad88,c1a82006942256bf588fd59ee7e18a383f0bad88
eb8a7911-ec08-4533-a0e2-0eed25ac1a27,c6931fd9-f783-4e1f-84df-c7ffe49c3426,eigenlabs/lighter-prover-challenge,+,3.18419941491498,d9bb60bf-6d08-4b1a-93f0-b5ea1f9b4caf,jungjipdo,accepted,,27.0925037754165,true,promoted,2026-08-09T07:42:07.032000Z,2026-08-09T07:42:14.149000Z,2026-08-09T07:33:16.114691Z,e11feddd53c97c606a3cb651d5e961063644ccff,759bd88620ecd5a700d82d03a84d333207018811
270cde4b-2f81-405b-9fc6-d00668d1d62f,c6931fd9-f783-4e1f-84df-c7ffe49c3426,eigenlabs/lighter-prover-challenge,+,3.18419941491498,f1f62f17-7edb-4068-b65c-1f3097a0a275,rawqubit,accepted,,27.1893008823957,true,promoted,2026-08-09T09:30:09.555000Z,2026-08-09T09:30:12.296000Z,2026-08-09T09:20:20.290547Z,455c48fc385814a16b62b03a7d922c2df26410d1,455c48fc385814a16b62b03a7d922c2df26410d1
3e205f1a-a9e3-47fc-8224-5daca6ec1c94,c6931fd9-f783-4e1f-84df-c7ffe49c3426,eigenlabs/lighter-prover-challenge,+,3.18419941491498,1fb3f86a-64a3-4824-9572-67cc5792d5f9,exakoss,accepted,,27.2303124960222,true,promoted,2026-08-09T18:00:33.008000Z,2026-08-09T18:00:37.317000Z,2026-08-09T17:46:30.864440Z,e283729f62fe46a3b4e4079cf3923a894eb1b60b,e283729f62fe46a3b4e4079cf3923a894eb1b60b
0c333334-cb97-4520-acc0-2af2fb4c9664,c6931fd9-f783-4e1f-84df-c7ffe49c3426,eigenlabs/lighter-prover-challenge,+,3.18419941491498,143728cd-f56f-4e4e-8fae-d06a59202420,pepedesigner,accepted,,27.492121651731,true,promoted,2026-08-09T19:23:45.618000Z,2026-08-09T19:23:48.907000Z,2026-08-09T19:11:09.910661Z,dd2f8e97ce4a01e4f1efb93e9e778d8fdb53d8f5,dd2f8e97ce4a01e4f1efb93e9e778d8fdb53d8f5
c89c76b2-a0d0-45d8-bb69-2f60a8d9a023,c6931fd9-f783-4e1f-84df-c7ffe49c3426,eigenlabs/lighter-prover-challenge,+,3.18419941491498,0cda8e92-e434-4d70-96ca-7ffbaa1a8645,Gajesh2007,accepted,,28.6874019292879,true,promoted,2026-08-09T20:57:32.479000Z,2026-08-09T20:57:34.965000Z,2026-08-09T20:48:15.467405Z,24d9690a258d53357f5545988baec9cf0cabb51b,24d9690a258d53357f5545988baec9cf0cabb51b
e2ea1d4b-d4b4-44dc-8abf-e9eddae36e6f,c6931fd9-f783-4e1f-84df-c7ffe49c3426,eigenlabs/lighter-prover-challenge,+,3.18419941491498,96922ed0-a003-495b-a203-46cfbba09eb1,bot66,accepted,,28.7909819923249,true,promoted,2026-08-09T21:25:00.653000Z,2026-08-09T21:25:04.408000Z,2026-08-09T21:12:37.837400Z,2f2951e14d077d76792d2e01fa0d432547dfd29d,2f2951e14d077d76792d2e01fa0d432547dfd29d
f95a9388-c898-4c85-b056-2b798412bc8a,c6931fd9-f783-4e1f-84df-c7ffe49c3426,eigenlabs/lighter-prover-challenge,+,3.18419941491498,d9bb60bf-6d08-4b1a-93f0-b5ea1f9b4caf,jungjipdo,accepted,,28.85567077966,true,promoted,2026-08-10T14:25:13.129000Z,2026-08-10T14:25:17.781000Z,2026-08-10T14:13:16.353772Z,39d7a81e6979732afa397f0340d5f4b68efb7081,39d7a81e6979732afa397f0340d5f4b68efb7081
e97f1b0f-aeaa-4fe7-8e38-54e302634c55,c6931fd9-f783-4e1f-84df-c7ffe49c3426,eigenlabs/lighter-prover-challenge,+,3.18419941491498,786cbc2b-6daa-4549-a9f9-5edf7905f11b,XieLeiaaa,accepted,,28.9950752285501,true,promoted,2026-08-10T14:56:01.770000Z,2026-08-10T14:56:05.899000Z,2026-08-10T14:45:19.510474Z,b7a4e591f8842104597bfa33dced175ae921c15d,b7a4e591f8842104597bfa33dced175ae921c15d
a878dc1c-43ad-4ad7-9cee-e44a68fd1b0d,c6931fd9-f783-4e1f-84df-c7ffe49c3426,eigenlabs/lighter-prover-challenge,+,3.18419941491498,d9bb60bf-6d08-4b1a-93f0-b5ea1f9b4caf,jungjipdo,accepted,,29.1081770495617,true,promoted,2026-08-10T14:58:12.770000Z,2026-08-10T14:58:20.381000Z,2026-08-10T14:45:02.888824Z,73eecf91ca8c3261233f44059bc188d44ba29ca8,9a3505d4cfef93b4509faf72a7edd061a454cafe
1b4d75bf-4947-4f31-ac94-7ed49ff56982,c6931fd9-f783-4e1f-84df-c7ffe49c3426,eigenlabs/lighter-prover-challenge,+,3.18419941491498,d9bb60bf-6d08-4b1a-93f0-b5ea1f9b4caf,jungjipdo,accepted,,29.3026242666808,true,promoted,2026-08-10T15:37:54.819000Z,2026-08-10T15:37:59.027000Z,2026-08-10T15:27:55.561795Z,acc6896f8936ced00efb0e0b359e82fac2ad85b3,acc6896f8936ced00efb0e0b359e82fac2ad85b3
1e7d1319-fda5-41f4-ab5e-822e9cc0635b,c6931fd9-f783-4e1f-84df-c7ffe49c3426,eigenlabs/lighter-prover-challenge,+,3.18419941491498,788344d9-7313-487a-8058-505f0505dd28,AlexLaevski,accepted,,29.7608320281085,true,promoted,2026-08-10T15:44:35.569000Z,2026-08-10T15:44:40.005000Z,2026-08-10T15:39:43.980209Z,1ad5dd02c056f7e915bab2864a6ce40ea02ce7bc,1ad5dd02c056f7e915bab2864a6ce40ea02ce7bc
7b987ea0-dc6d-48f8-a9bb-401fcba157bc,c6931fd9-f783-4e1f-84df-c7ffe49c3426,eigenlabs/lighter-prover-challenge,+,3.18419941491498,1fb3f86a-64a3-4824-9572-67cc5792d5f9,exakoss,accepted,,29.8000549369782,true,promoted,2026-08-10T22:20:10.052000Z,2026-08-10T22:20:14.532000Z,2026-08-10T22:12:47.767091Z,ae4451628cf2aa96e02ba4bbe5f4b09217cc81fe,ae4451628cf2aa96e02ba4bbe5f4b09217cc81fe
5d4afa31-cdf9-4821-a937-2042e7750670,c6931fd9-f783-4e1f-84df-c7ffe49c3426,eigenlabs/lighter-prover-challenge,+,3.18419941491498,d9bb60bf-6d08-4b1a-93f0-b5ea1f9b4caf,jungjipdo,accepted,,29.8785698468374,true,promoted,2026-08-10T22:34:00.059000Z,2026-08-10T22:34:04.582000Z,2026-08-10T22:23:40.243140Z,59c0155c4760da6c446763a9d37a6d894bc56d0d,59c0155c4760da6c446763a9d37a6d894bc56d0d
4bfd5579-65b7-4cfd-9554-d089902c0e71,c6931fd9-f783-4e1f-84df-c7ffe49c3426,eigenlabs/lighter-prover-challenge,+,3.18419941491498,cf9de04e-ec55-454f-9f51-2cf2d25f9485,FatihSolak,accepted,,29.9399105848455,true,promoted,2026-08-11T18:57:31.872000Z,2026-08-11T18:57:36.655000Z,2026-08-11T18:48:33.760589Z,e268c1357578c111782505f6e54bc97064bb8658,e268c1357578c111782505f6e54bc97064bb8658
5a25029a-dca9-44bd-8bb5-f69471445c1e,c6931fd9-f783-4e1f-84df-c7ffe49c3426,eigenlabs/lighter-prover-challenge,+,3.18419941491498,cf9de04e-ec55-454f-9f51-2cf2d25f9485,FatihSolak,accepted,,30.3111567697189,true,promoted,2026-08-11T21:46:04.594000Z,2026-08-11T21:46:08.681000Z,2026-08-11T21:40:45.644367Z,a67126adf3863e0ab7bb5baa4b62fdd0bfbf0a47,a67126adf3863e0ab7bb5baa4b62fdd0bfbf0a47
7b2d3a6d-14b3-4db2-ae99-ab6d3c02d4bf,c6931fd9-f783-4e1f-84df-c7ffe49c3426,eigenlabs/lighter-prover-challenge,+,3.18419941491498,788344d9-7313-487a-8058-505f0505dd28,AlexLaevski,accepted,,30.440840492446,true,promoted,2026-08-12T00:32:48.530000Z,2026-08-12T00:32:52.655000Z,2026-08-12T00:20:50.685915Z,5b329f4b5bba8858e95e82148c56910690eb5ae0,5b329f4b5bba8858e95e82148c56910690eb5ae0
cdee9561-7645-4e9c-a1d1-aa005e68079d,c6931fd9-f783-4e1f-84df-c7ffe49c3426,eigenlabs/lighter-prover-challenge,+,3.18419941491498,788344d9-7313-487a-8058-505f0505dd28,AlexLaevski,accepted,,30.475893758895,true,promoted,2026-08-12T01:15:06.851000Z,2026-08-12T01:15:10.520000Z,2026-08-12T01:00:21.582621Z,0a470b32471edb66d4cd08d29f785d81b7c834ae,0a470b32471edb66d4cd08d29f785d81b7c834ae
c90e02ff-c0f6-4115-af0c-25c17fff14e1,c6931fd9-f783-4e1f-84df-c7ffe49c3426,eigenlabs/lighter-prover-challenge,+,3.18419941491498,788344d9-7313-487a-8058-505f0505dd28,AlexLaevski,accepted,,30.5343213569663,true,promoted,2026-08-12T03:10:32.366000Z,2026-08-12T03:10:35.609000Z,2026-08-12T02:59:10.518022Z,814fe26c13afe60fb05a5f130848c002712a10a8,814fe26c13afe60fb05a5f130848c002712a10a8
9a57cddb-7e06-4acc-a5d7-b87946a8b166,c6931fd9-f783-4e1f-84df-c7ffe49c3426,eigenlabs/lighter-prover-challenge,+,3.18419941491498,1fb3f86a-64a3-4824-9572-67cc5792d5f9,exakoss,accepted,,30.644819074191,true,promoted,2026-08-12T04:21:27.042000Z,2026-08-12T04:21:30.371000Z,2026-08-12T03:59:48.281735Z,612ea7ad84c88871118e7ba0a8862113cd99fc52,612ea7ad84c88871118e7ba0a8862113cd99fc52
81fcf736-6e11-4473-9546-387b975a171d,c6931fd9-f783-4e1f-84df-c7ffe49c3426,eigenlabs/lighter-prover-challenge,+,3.18419941491498,788344d9-7313-487a-8058-505f0505dd28,AlexLaevski,accepted,,30.6618694127846,true,promoted,2026-08-12T06:27:16.044000Z,2026-08-12T06:27:21.259000Z,2026-08-12T06:18:36.307373Z,5287cfe4a8b86ba3bcaf8fe6b8e02a73dc83e39c,5287cfe4a8b86ba3bcaf8fe6b8e02a73dc83e39c
a9556743-17ae-4eeb-ae8b-c2b3b5852761,c6931fd9-f783-4e1f-84df-c7ffe49c3426,eigenlabs/lighter-prover-challenge,+,3.18419941491498,d9bb60bf-6d08-4b1a-93f0-b5ea1f9b4caf,jungjipdo,accepted,,30.7380852237325,true,promoted,2026-08-12T21:55:01.913000Z,2026-08-12T21:55:05.144000Z,2026-08-12T21:32:15.481158Z,7477de7794c4e91ccddcff1af5837039c08bc796,7477de7794c4e91ccddcff1af5837039c08bc796
5a3138c5-8d23-47dd-8f1e-a78fb6217b7b,c6931fd9-f783-4e1f-84df-c7ffe49c3426,eigenlabs/lighter-prover-challenge,+,3.18419941491498,3fe96774-9dad-4ac1-903d-873eaba72049,i34-9,accepted,,30.8995552376914,true,promoted,2026-08-15T22:46:23.784000Z,2026-08-15T22:46:26.805000Z,2026-08-15T22:32:01.670014Z,3f75d34d42174f5b31cce3c0d71d1e54b455a602,3f75d34d42174f5b31cce3c0d71d1e54b455a602
3fa29666-e709-44c6-8244-732491778cae,c6931fd9-f783-4e1f-84df-c7ffe49c3426,eigenlabs/lighter-prover-challenge,+,3.18419941491498,aa66aa75-26d2-499e-800e-a012e265f4d4,RealAdii,accepted,,30.9437345321302,true,promoted,2026-08-16T04:16:01.442000Z,2026-08-16T04:16:06.168000Z,2026-08-16T04:01:40.118418Z,abd4b3da4d8473089956c463e32a7abf1c1465b4,abd4b3da4d8473089956c463e32a7abf1c1465b4
62f0c2d0-8280-45ed-8f7d-a2d867a157aa,c6931fd9-f783-4e1f-84df-c7ffe49c3426,eigenlabs/lighter-prover-challenge,+,3.18419941491498,3fe96774-9dad-4ac1-903d-873eaba72049,i34-9,accepted,,31.0150063720175,true,promoted,2026-08-16T17:12:18.998000Z,2026-08-16T17:12:22.155000Z,2026-08-16T16:24:53.453601Z,ca62aa9b447341e5c39ca7aa29200899f5e0b074,ca62aa9b447341e5c39ca7aa29200899f5e0b074
32f823a8-64f7-471e-adce-500b3851089a,c6931fd9-f783-4e1f-84df-c7ffe49c3426,eigenlabs/lighter-prover-challenge,+,3.18419941491498,2740a615-5646-40f3-8f8a-5b2fbe849638,welttowelt,accepted,,31.1267420739377,true,promoted,2026-08-17T06:05:56.474000Z,2026-08-17T06:05:59.824000Z,2026-08-17T06:00:29.608511Z,4d7d85675bbf2083e4fb99d368033b3d96f9b2b2,4d7d85675bbf2083e4fb99d368033b3d96f9b2b2
85300c95-6b83-4e5e-b30f-fcbbe7224155,c6931fd9-f783-4e1f-84df-c7ffe49c3426,eigenlabs/lighter-prover-challenge,+,3.18419941491498,3fe96774-9dad-4ac1-903d-873eaba72049,i34-9,accepted,,31.248398552385,true,promoted,2026-08-18T16:35:40.621000Z,2026-08-18T16:35:43.744000Z,2026-08-18T14:03:58.578138Z,fa87dbc0dfc10d86c9d358e62f0fb7f3efbd890d,fa87dbc0dfc10d86c9d358e62f0fb7f3efbd890d
abf0c9ba-8768-476f-8329-1f4a7a66992a,c6931fd9-f783-4e1f-84df-c7ffe49c3426,eigenlabs/lighter-prover-challenge,+,3.18419941491498,3f81022f-7466-4918-9768-48c59a7d1c9a,newjordan,accepted,,31.4573789367726,true,promoted,2026-08-18T18:38:28.328000Z,2026-08-18T18:38:36.527000Z,2026-08-18T15:47:14.147670Z,c9a8dbf0f9c3bd496c607741799ab4f433c50af4,e16bc1d076e7b81c303a64e304b4493a4a242f6d
7a6df75c-7b9e-407d-bf30-dc491be0852c,c6931fd9-f783-4e1f-84df-c7ffe49c3426,eigenlabs/lighter-prover-challenge,+,3.18419941491498,724fae80-ef53-4caa-a5fa-7a82f04cc277,fkiene,accepted,,31.8877201744122,true,promoted,2026-08-18T21:30:12.446000Z,2026-08-18T21:30:17.897000Z,2026-08-18T18:51:50.577838Z,47b5e92b17f143464afc68e8d139effd5ffb8533,
c324d46b-d881-4b4f-b632-38ddac67fd88,c6931fd9-f783-4e1f-84df-c7ffe49c3426,eigenlabs/lighter-prover-challenge,+,3.18419941491498,0a543877-f3dc-48f6-840b-0feb63560ec6,jacklightChen,accepted,,31.9954036003166,true,promoted,2026-08-19T01:35:15.990000Z,2026-08-19T01:35:20.975000Z,2026-08-18T23:59:48.098500Z,68b7de0bd4fdd277fd2e81c6af22a19f2886c036,68b7de0bd4fdd277fd2e81c6af22a19f2886c036
97da58e4-f976-4bd5-9a03-26890953d699,c6931fd9-f783-4e1f-84df-c7ffe49c3426,eigenlabs/lighter-prover-challenge,+,3.18419941491498,3f81022f-7466-4918-9768-48c59a7d1c9a,newjordan,accepted,,32.0574590033148,true,promoted,2026-08-19T02:14:27.055000Z,2026-08-19T02:14:37.101000Z,2026-08-19T00:11:32.878302Z,4273e1d08ba8d022292e8fffbadb6c3173aa8d13,
8eaec54e-4712-4f55-8622-1d3a38d9e976,c6931fd9-f783-4e1f-84df-c7ffe49c3426,eigenlabs/lighter-prover-challenge,+,3.18419941491498,3fe96774-9dad-4ac1-903d-873eaba72049,i34-9,accepted,,32.422801195803,true,promoted,2026-08-19T02:50:10.361000Z,2026-08-19T02:50:19.049000Z,2026-08-19T00:51:33.325901Z,63e4515cd056bb4c32260b83f8ac3ea3e7ce6870,
2435cb0a-d7d8-4b64-b16d-9094b9428ca5,c6931fd9-f783-4e1f-84df-c7ffe49c3426,eigenlabs/lighter-prover-challenge,+,3.18419941491498,3fe96774-9dad-4ac1-903d-873eaba72049,i34-9,accepted,,32.6603453971761,true,promoted,2026-08-19T06:34:56.309000Z,2026-08-19T06:35:00.055000Z,2026-08-19T05:09:06.388302Z,a044386442f7350607f31ac1523bf27b34d216f6,a044386442f7350607f31ac1523bf27b34d216f6
dd7a4394-92db-41c1-9969-8e9186bfe85f,c6931fd9-f783-4e1f-84df-c7ffe49c3426,eigenlabs/lighter-prover-challenge,+,3.18419941491498,1fb3f86a-64a3-4824-9572-67cc5792d5f9,exakoss,accepted,,32.7604094464649,true,promoted,2026-08-19T10:22:22.185000Z,2026-08-19T10:22:27.663000Z,2026-08-19T08:49:00.410068Z,ba379a9eaf5bd2d3667bd56590fc6b3383d80ecd,ba379a9eaf5bd2d3667bd56590fc6b3383d80ecd
f5226937-61d6-41b6-ae71-c1097899b95c,c6931fd9-f783-4e1f-84df-c7ffe49c3426,eigenlabs/lighter-prover-challenge,+,3.18419941491498,c16e291b-27fe-4627-b4cc-79096ea904f1,Amal-David,accepted,,32.9070059772442,true,promoted,2026-08-19T14:54:44.213000Z,2026-08-19T14:54:49.905000Z,2026-08-19T13:46:30.405723Z,9bf880bace333f2bb78fdb374548f452eaab7fbd,
15d35031-e2f0-4c21-8b2a-0126e3469d0a,c6931fd9-f783-4e1f-84df-c7ffe49c3426,eigenlabs/lighter-prover-challenge,+,3.18419941491498,2a52fda2-347d-4229-ac52-4e9e4ecdd14d,hadakang,accepted,,33.0044203562783,true,promoted,2026-08-19T15:08:33.599000Z,2026-08-19T15:08:42.676000Z,2026-08-19T14:08:06.486765Z,a59b7c8f216653ea133178998a32ebbf7d9130eb,
4d64f11b-ae26-4503-9545-1af3d14b44d4,c6931fd9-f783-4e1f-84df-c7ffe49c3426,eigenlabs/lighter-prover-challenge,+,3.18419941491498,143728cd-f56f-4e4e-8fae-d06a59202420,pepedesigner,accepted,,33.2900784061485,true,promoted,2026-08-22T18:21:29.821000Z,2026-08-22T18:21:32.891000Z,2026-08-22T17:53:35.734822Z,8960840d263925869096b0a04c2ad08187672e50,8960840d263925869096b0a04c2ad08187672e50
5ad7453b-c15e-4c1b-89c7-d050459b80e0,c6931fd9-f783-4e1f-84df-c7ffe49c3426,eigenlabs/lighter-prover-challenge,+,3.18419941491498,143728cd-f56f-4e4e-8fae-d06a59202420,pepedesigner,accepted,,33.3707006020325,true,promoted,2026-08-22T18:43:28.432000Z,2026-08-22T18:43:31.503000Z,2026-08-22T18:23:46.470743Z,81bd58f90cfcf01fca9da6fb3020f10783d46041,81bd58f90cfcf01fca9da6fb3020f10783d46041
bd3fbe52-c71d-4325-8124-6241374c0643,c6931fd9-f783-4e1f-84df-c7ffe49c3426,eigenlabs/lighter-prover-challenge,+,3.18419941491498,79b105f7-28f0-47cb-b42f-0308816a126d,nathanethx,accepted,,33.3741558594293,true,promoted,2026-08-22T20:38:38.409000Z,2026-08-22T20:38:40.975000Z,2026-08-22T19:40:21.287467Z,ad6c8ef4bdc14934c65175a1f7f77a384a3ec5b0,ad6c8ef4bdc14934c65175a1f7f77a384a3ec5b0
e9d18819-b742-4d90-a705-4acf8faa31cb,c6931fd9-f783-4e1f-84df-c7ffe49c3426,eigenlabs/lighter-prover-challenge,+,3.18419941491498,79b105f7-28f0-47cb-b42f-0308816a126d,nathanethx,accepted,,33.388246500226,true,promoted,2026-08-23T17:23:22.827000Z,2026-08-23T17:23:26.057000Z,2026-08-23T15:43:52.154974Z,9ace468d65f633a247f1e8a4a30e1641202dad6c,9ace468d65f633a247f1e8a4a30e1641202dad6c
8fbd31e1-3295-4683-a698-cbe73c9024a4,c6931fd9-f783-4e1f-84df-c7ffe49c3426,eigenlabs/lighter-prover-challenge,+,3.18419941491498,d9bb60bf-6d08-4b1a-93f0-b5ea1f9b4caf,jungjipdo,accepted,,33.6019678120303,true,promoted,2026-08-24T00:31:55.560000Z,2026-08-24T00:31:58.321000Z,2026-08-23T23:13:11.782958Z,0b452d25766313f41d8837047f44519652b0891f,0b452d25766313f41d8837047f44519652b0891f
639ac7c0-4695-4094-abc7-5ad50d0b41a9,c6931fd9-f783-4e1f-84df-c7ffe49c3426,eigenlabs/lighter-prover-challenge,+,3.18419941491498,79b105f7-28f0-47cb-b42f-0308816a126d,nathanethx,accepted,,33.6546578925448,true,promoted,2026-08-25T12:20:45.689000Z,2026-08-25T12:20:48.821000Z,2026-08-25T10:58:53.227486Z,ce919deaf8c8820b7d066feabb2ea2a2aec5dcb0,ce919deaf8c8820b7d066feabb2ea2a2aec5dcb0
